{
  "name": "inventario 3d52e899",
  "description": "",
  "tags": [
    "neo4j-desktop-id-project-3d52e899-1038-49e2-83e7-bcb995610b75",
    "neo4j-desktop-id-project-778b056b-a0be-481b-89e8-115c087b6526",
    "neo4j-desktop-id-project-84afe894-f6e3-4c08-8207-15140a09a47b",
    "neo4j-desktop-id-project-a569aee9-9e05-4374-a956-47d6c0b66a9e",
    "neo4j-desktop-id-project-895dd12d-9354-4d62-bb09-5a9632afbbfd",
    "neo4j-desktop-id-project-5f31aef9-da57-4bff-8c24-1b50db3fed7d",
    "neo4j-desktop-id-project-88718efc-2450-47bf-951a-31c06c2f082a",
    "neo4j-desktop-id-project-3ca8c81f-bbba-4857-81f7-196489b959d4",
    "neo4j-desktop-id-project-6acae5ce-b433-45c5-824f-da62bc7be40f",
    "neo4j-desktop-id-project-07351b45-9aec-4ba3-a4c4-735668b2ccbc",
    "neo4j-desktop-id-project-478ebded-379e-4fed-ae0c-6749c75d8a9e",
    "neo4j-desktop-id-project-5e7eb67f-159f-4335-83f0-999c3f2c4653",
    "neo4j-desktop-id-project-dd7158d7-ba02-430c-abb1-1dfa75eb6a5e",
    "neo4j-desktop-id-project-eab8bc31-b960-4126-8972-4eb422ef2f70",
    "neo4j-desktop-id-project-7d06664a-b949-46a7-a8e3-2df8e04b1a1c",
    "neo4j-desktop-id-project-445ae5bc-6aed-4148-baea-46b8d1d0c908",
    "neo4j-desktop-id-project-cb1f4e20-ee6f-4d92-8cd4-e86e50746d72"
  ],
  "id": "a4b237b2-4e6f-4007-b7c1-35a829fb05f5",
  "metadata": {},
  "dbmss": []
}
